661477288811319304,Stavroguine,vu qu'Activision a rachet√© King on a plus qu'√† attendre CANDY CRUSH HEROES OF WARCRAFT,1446543449000,candy crush,4
661477206418448384,Virginie de Mee√ªs,Activision Blizzard rach√®te King  (Candy Crush) pour 5 4 milliards d‚Äôeuros ,1446543430000,candy crush,2
661477050964946944,Nicolas Boivin,Le sachet de bonbons le + cher de l'histoire  Activision ach√®te le cr√©ateur de Candy Crush pour 5 4 milliards d‚Äô‚Ç¨ ,1446543393000,candy crush,4
661476817652551680,YZGeneration,Et sinon Activision Blizzard vient de racheter Candy Crush ,1446543337000,candy crush,2
661476529663295488,Fr√©d√©ric Neff,donc Candy Crush co√ªte 5 4 milliards de dollars A ce prix l√† on ne les bouffera jamais les 5 fruits et l√©gumes frais par jour ,1446543268000,candy crush,4
661476406124224513,Beau Connard.,J'ai m√™me pas de jeu dans mon t√©l√©phone  Meme pas la base Candy Crush,1446543239000,candy crush,0
661476233893539844,Philippe de Demos,Le rachat de Candy Crush exacerbe la¬†consolidation du mobile gaming par  @ via  @ ,1446543198000,candy crush,0
661476065945210880,Nesfux,Activision qui rach√®te Candy Crush pour 5 Milliards Y-a encore des jeux qui jouent √† √ßa xD,1446543158000,candy crush,2
661475957841227776,Cyb√®le Leclair ‚òæ,Activision Blizzard qui rach√®te King √† quand un Candy Crush int√©gr√© au fief ,1446543132000,candy crush,4
661475699497132032,Melanie Lamoureux,Candy Crush pour 5 4 milliards d euros Couteux √† la friandise  ,1446543071000,candy crush,4
661479446101127168,Actualit√© 24,Ce qu'a dit Fran√ßois Hollande depuis la Chine sur l'antenne d'Europe 1 ,1446543964000,fran√ßois hollande,2
661478354722361345,Cyrille Lociciro,Fran√ßois Hollande et l‚Äôexcellence √©cologique¬† La bonne blague¬† via  @ ,1446543704000,fran√ßois hollande,4
661478183221465088,Laurent SAMUEL,Plus vrais que nature gr√¢ce √† Canteloup JPE l'√©motion devant Fran√ßois Hollande en direct de P√©kin via  @ ,1446543663000,fran√ßois hollande,4
661478106994188288,Philippe PENEAU,La France totalement discr√©dit√©e par son incoh√©rence  #  via  @ ,1446543645000,fran√ßois hollande,0
661477307018846208,mongo 0468,Climat Fran√ßois Hollande et Xi Jinping veulent le beurre et l'argent du beurre via  @ ,1446543454000,fran√ßois hollande,0
661476960963444741,jlmcreation , #  - Fran√ßois Hollande et l‚Äôexcellence √©cologique La bonne blague -  ,1446543371000,fran√ßois hollande,4
661449857148854272,Emel,üì∑ La blague de la semaine  #   #  ,1446536909000,#jesuischarlie,4
661446573801480192,Bo$$ Key Yacht$,Et bien si ma cam√©ra et mon tr√©pied sont les armes de ma libert√© d'expression alors oui je suis arm√©  #   # ,1446536126000,#jesuischarlie,0
661438548923588608,nico l arsouille,Comme quoi   #  toussa   ,1446534213000,#jesuischarlie,0
661388848501534724,Brokol-e,Encore un hashtag  #  arr√™tez de faire un expos√© pour la semaine derniere en allemand sur un h√©ros allemand,1446522364000,#jesuischarlie,0
661306884071256064,Philippe De Camps,Plus de 700 journalistes tu√©s en un peu moins de 10 ans  # √©tier√†risque #   #   # ,1446502822000,#jesuischarlie,0
661296236859904000,juju21853, #  sa fait 300 jour pile malheuresement qu'il a eu le drame,1446500283000,#jesuischarlie,0
661283956072034304,kal, @   @   @   @   @   @   @   @   @  mdrr  # ,1446497355000,#jesuischarlie,4
661257401660755968,A croire que,Mdr il s'est fait tatou√©  #  sur l'avant bras et personne dit rien ,1446491024000,#jesuischarlie,4
661223191193501696,Keketo, @   @  tu me sid√®res ca me choque qu'on pense ca en 2015  # ,1446482868000,#jesuischarlie,0
661168726822244352,Aziz Rahel,Netanyahu √©tait en 1√®re ligne √† la marche  # la preuve qu'on vous prend pour des cons  ,1446469883000,#jesuischarlie,0
661482916439027712,Maun' ,La tune qu'il doit se faire KEV ADAMS en ce moment   ,1446544791000,kev adams,0
661474242366734336,numeroVI,Aladin avec le grand Kev Adams devient le plus gros succ√®s fran√ßais de 2015 Je   Mais   Je ne comprends pas ,1446542723000,kev adams,0
661470218842152960,#unejourneavecbaba, #  #  #  #  #  #  #  #  #  #  #  kev j'en peu plus des cours prend moi avec üëë  @  ,1446541764000,kev adams,2
661465717557084160,Simon Gosselin,Un instant j'ai imagin√© le film avec Kev Adams et Kad Merad r√©alis√© par Jean Luc Godard  ,1446540691000,kev adams,4
661456303286415360,Julien,Super j'ai la chanson de Kev Adams dans la t√™te maintenant N'ai je donc pas assez souffert ,1446538446000,kev adams,0
661453464053096448,Mathilde Delrez,Black M - Le prince Aladin ft Kev Adams j'adore üòç  @   ,1446537769000,kev adams,4
661450240164306944,Angelique, Aladin devient le + gros succ√®s fran√ßais de l'ann√©e ils peuvent remercier les ados de kev adams j'aurai dit le + gros navet de cette ann√©e,1446537001000,kev adams,0
661442765314748417,Hadrien.,Presque 30M de vues pour BlackM et Kev Adams le prince aladin    cest bientot l'apocalypse les gars ,1446535218000,kev adams,0
661437511391121408,Minuit,J'ai r√™v√© que je regardais Star Wars 7 et y'avait Kev Adams dedans ,1446533966000,kev adams,4
661431700673699840,Gd m√®re Yet'‚Ñ¢,Si vous n'avez pas trop le moral ce matin pensez aux parents des fans de Kev Adams ou des One Direction  √áa va mieux ,1446532580000,kev adams,4
661426769761861632,Tout est possible, # √©phine je fais appara√Ætre Kev Adams devant moi GNEHEHEHHEHE üòÇüòÇüòÇüòåüòåüòåüíïüòçüíïüòçüíïüòçüíï,1446531405000,kev adams,4
661358003665420290,Nacho Piatti MVP,mdr d'ou tu cast un babtou pour jouer Aladin surtout Kev adams quoi le film a l'air bien bien nul putain aladin kev adams quoi on est ou la,1446515010000,kev adams,0
664030215543369728,Vicky,Biber il m'a tu√© √† oublier son #  d'honneur dans son van aha,1447152115000,nma,4
664029640936267776,Interstellaires ‚≠ê,Ta gueule la pute qui dit que le botox de MF avait fait fondre des bouts de sa robe aux NMA o O,1447151978000,nma,0
664028892454363137,DECLICSTATION,Helmut Fritz - Ca M'√©nerve Actuellement sur #   #   #   #   #   #    #   # ,1447151799000,nma,0
664027612998692864,it's a great day.,Ma ni√®ce elle a carr√©ment pleurer quand la chanson de Bruno Mars a pas remporter un prix Elle m'a fait mal au coeur  # ,1447151494000,nma,0
664026689442340864,A≈≥r√∏rƒÖ ‚Ä¢ TH ‚ô°‚òÜ,HEUREUSEMENT que le replay existe   pck putain se fader 3h de NMA avec certains 'artistes'  euh non merci ,1447151274000,nma,0
664026322331705344,it's a great day.,Je suis d√©sol√©e mais Tokio Hotel m√©ritait d'√™tre aux NMA cette ann√©e au m√™me titre que les autres artistes pr√©sents ce soir l√† ,1447151186000,nma,0
664025990574772224,H√©l√®ne du 83,   voir cette PokoFamily unis cri√© de partout chanter   danser   pleur√©   bref ce fut un moment magique et magnifique üò¢üíñ  @   # ,1447151107000,nma,4
664025771183316992,#NanJrigole,Nekfeu c'est tellement une arnaque qu'il n'ai pas √©t√© r√©compens√© aux NMA premier du top vente pendant un bail üî•,1447151055000,nma,0
664025594762543104,H√©l√®ne du 83,Bon cet aprem c'est replay des  #  üòÄ Et dire qu'on √©tait pr√©sente en direct de Cannes üòç le plus beau a √©tait la victoire de  @  et   ,1447151013000,nma,4
664031869009272832,◊û◊ñ◊ú ◊°◊ë◊í,La CEDH d√©boute Dieudonn√© car elle ne prot√®ge pas ¬´les spectacles n√©gationnistes¬ª via  @ ,1447152509000,dieudonn√©,2
664030920316313601,SOS Racisme,Une bonne nouvelle La  #   d√©boute Dieudonn√© car elle ne prot√®ge pas ¬´les spectacles n√©gationnistes¬ª ,1447152283000,dieudonn√©,4
664030368350216192,Fabrice Epelboin, @  √† l'heure o√π Dieudonn√© fait 2x les scores de ONPC je suis pas s√ªr que le sourire soit de mise ,1447152151000,dieudonn√©,0
664029395443712001,Memorial 98,Dieudonn√© bonne nouvelle la Cour europ√©enne des droits de l'homme le d√©boute car il est n√©gationniste de la Shoah ,1447151919000,dieudonn√©,4
664714674122936320,Carole Villevet, #  plus que jamais au top ,1447315302000,spectre,4
664713009256914944,OwenMtp, @  tes srx spectre est nul je vais le voi samedie baguette,1447314905000,spectre,0
664712798463770624,Geoffrey La Rocca, @  bjr pourquoi comparer Spectre √† Skyfall c'est pour moi le retour aux sources il faut le comparer √† l'ensemble de la s√©rie ,1447314855000,spectre,2
664712228319461376,Stoof,On m'a spoil√© spectre et apparemment d√©ception,1447314719000,spectre,0
664705173781135360,Kylianus,Le nouveau 007 il est tellement mou qu'on s'est endormi comme des merdesüò™,1447313037000,007,0
664705099277713408,Miss smile,Sinon le nouveau 007 l√†  on en parle Un peu bof non  J'ai dormi pendant une partie du film   ,1447313019000,007,0
664526807157329920,Benjamin Didiot,Reboot de  @  c'est absolument brillant et magnifique vivement la suite ,1447270511000,reboot,4
664514115692568576,OK!,Ma box a reboot sa m√®re la pute  @ ,1447267485000,reboot,0
664509405300289536,Alexandra Giroux,La m√©thode  # tr√®s pratique tant dans la vie pro que priv√©e ,1447266362000,reboot,2
664507681252769792,Edo Tensei,Les 4 fantastiques c'est de la merde reboot ou pas,1447265951000,reboot,0
664708367710085120,Fossoyeur de Films,Eh ben Les Dissoci√©s de  @ c'√©tait vachement bien Chapeau ,1447313799000,les dissoci√©s,4
664592599613861888,Koichibb(‡πë‚Ä¢ÃÄ„ÖÇ‚Ä¢ÃÅ)Ÿà‚úß,L'avant premi√®re de Les Dissoci√©s avec Suricate c'√©tait trop bien ,1447286197000,les dissoci√©s,4
664569946123452416,Erwan Maguet,Les Dissoci√©s de  @ c'√©tait effectivement tr√®s sympa et tr√®s dr√¥le ,1447280796000,les dissoci√©s,4
664394698631553025,Fr√©d√©ric Bouffier,Je viens de mater Les Dissoci√©s et c'est tr√®s le bien # √©s  # ,1447239014000,les dissoci√©s,4
664230759016833024,Hugo Amizet,Les Dissoci√©s est une grosse tuerie V√©ritablement les gars Vous allez regrettez de pas l'avoir vu sur grand √©cran ,1447199928000,les dissoci√©s,4
664219742937419776,Mr Kritik, @  Les dissoci√©s sur YouTube,1447197301000,les dissoci√©s,2
664218523447762944,Mr Kritik,Je viens de lire qu'Antoine Daniel est dans les dissoci√©s    La hype monte,1447197011000,les dissoci√©s,4
664561250655969280,Monsieur Cmoi,C'est vachement cool Rock Macabre Et la suite c'est demain ,1447278723000,rock macabre,4
664571258454065152,Enzo Gautier, @  encore une fois au top avec Rock Macabre ,1447281109000,rock macabre,4
664544544298528768,Kopan,sympa rock macabre,1447274740000,rock macabre,4
663396265514958849,Rikoray,Rock Macabre je le r√©p√®te c'est toujours aussi g√©nial allez regardez si c'est pas d√©j√† fait ,1447000969000,rock macabre,4
666534510067064832,Tao,Mon coll√®gue a aim√© Mackenzie Davis dans Seul sur Mars Il devient donc mon coll√®gue pr√©f√©r√©  # ,1447749185000,seul sur mars,4
666402994695573504,Ô∏è,RT  @ Entre Le soldat Ryan Interstellar et Seul sur Mars √ßa fait 3 fois qu'on doit sauver Matt Damon Ce mec est pire que la prin‚Ä¶,1447717829000,seul sur mars,4
666392276101414912,Madara #SO&MA,Chu enfin aller voir seul sur mars et ouais bof bof,1447715274000,seul sur mars,0
666378646098178048,Grimmjow,Seul sur Mars c'est un des plus beau film que j'ai vu,1447712024000,seul sur mars,4
666372838325121025,DAMN,seul sur mars il √©tait terrible ,1447710639000,seul sur mars,4
666364828685049856,–°—É–∫–∞ –ë–ª—è—Ç—å,Seul sur Mars demain ‚úå,1447708730000,seul sur mars,4
666362724792860672,sarah,Seul sur Mars est trop cool,1447708228000,seul sur mars,4
666350189242904577,#ForzaNabilon,J'ai toujours pas vu Seul sur Mars  mon √¢me de fan de cin√©ma est mal je suis frustr√© √ßa va faire 1 mois qu'il est sorti /,1447705239000,seul sur mars,0
666342759738003456,Shoam El Pomelo,Toujours aussi excellent je vous conseille vivement la critique de Seul sur Mars par  @   ,1447703468000,seul sur mars,4
666342341159084033,Yolkia,Seul sur Mars un tr√®s bon SF avec un Matt Damon astronaute qui devient explorateur colonisateur et m√™me pirate  ,1447703368000,seul sur mars,4
666307232917798912,Don Draper,Seul sur mars il est bien mais dommage la fin est √©court√©e,1447694998000,seul sur mars,4
666285393357205504,Alex, @  Seul sur Mars je l'ai vu en streaming,1447689791000,seul sur mars,2
666221375292616704,Raymond Raid Inghton,Seul sur Mars il est cool,1447674528000,seul sur mars,4
666219978811666432,K a r i,Seul sur Mars ‚ù§Ô∏è,1447674195000,seul sur mars,4
666176769058340864,shredder pro,seul sur mars c'est une tuerie,1447663893000,seul sur mars,4
666560777684393984,Fr√©d√©rique Touitou,Dis  @ tu peux nous remettre les √©toiles (favoris) Les c≈ìurs pour des articles parlants de terrorisme pas top üòì ,1447755448000,favoris,0
666563029606211584,Peter,De vue comme √ßa Windows 10 √† l'air super cool juste √† m'habituer mtn,1447755985000,windows 10,4
666562450737770498,David Gehucht,La derni√®re mise √† jour de Windows 10 g√©n√®re de nombreux bugs  ,1447755847000,windows 10,0
666547692278063104,ELISIUM,Teclast livre une tablette Windows 10 enfin convaincante  ,1447752328000,windows 10,4
666534324519485441,Dimitri,De plus en plus le sentiment que Windows 10 ne veut pas que l'utilisateur soit capitaine √† bord,1447749141000,windows 10,0
669497170559635457,Apokoufizous ŸÜ,Paris r√©serve souvent de jolies surprises Notre Dame de Paris priez pour nous üíô  #   #   ,1448455538000,Paris,4
669497168902909952,Hugo.D, @   le coup de gueule de la r√©daction Facebook et son safety check cr√©e uniquement pour Paris au d√©triment du Liban et du Nig√©ria,1448455538000,Paris,0
669497166549917696,jean claude verbeck ,H√¥tels √† Paris la fr√©quentation remonte  ,1448455537000,Paris,2
669497118504153088,FITZGERALD.,Ce soir Paris gagne avec minimun 3 buts et le R√©al perd contre le shaktar bref on repasse devant au calmuuuus,1448455526000,Paris,4
669497118470615041,Matt & Kevon‚ù§,Elo elle a eu un petit kiff √† Paris aussi jpp de rire üòÇ,1448455526000,Paris,4
669497042159407105,Veronique girard,RT @Elysee: Steven Spielberg donne au pr√©sident @fhollande son sentiment au sujet de sa r√©action aux attentats de Paris https://t.co/af6qhD‚Ä¶,1448455508000,Paris,2
669497021712236544,pennsatucky,RT AnasTazii_ "Qui veut bien expliquer aux copains d'Ici Paris que le #SIDA et #HIV sont deux choses bien diff√©ren‚Ä¶ https://t.co/p8MeMC8RQu",1448455503000,Paris,2
669496939591933954,GeneKareim,RT @pretty__recless: Je suis paris üò¢,1448455483000,Paris,0
669496854946701312,Aomine.,RT @PBasketNBA: .@michel_denisot √©tait avec Tony Parker √† Paris ! C'est √† voir l'interview est de qualit√©. https://t.co/TyXj64ue7B https:/‚Ä¶,1448455463000,Paris,4
671635367074914304,Nicole Granada,J'ai pas mon calendrier de No√´l üòî,1448965324000,noel,4
671635365825011712,100issues, @  Encore de la provocation avec le versement de la prime de No√´l d√©j√† les cr√®ches   Exigeons l'attribution aux seuls catholiques ,1448965324000,noel,0
671635307922608128,C√©dric All ‚öΩÔ∏è, @  Dommage pas de papa Noel,1448965310000,noel,0
671635297466191872,imane, @  sur le p√®re no√´l  D√©j√† je l'ai pas captur√© et depuis personne a voulu se d√©guiser par peur de finir assumer mskn,1448965307000,noel,0
671635295251644416,Christopher Calice, #  en concert √† Werchter cet √©t√©  elle vient de sauver mon manque d'imagination pour les cadeaux de No√´l ,1448965307000,noel,4
671635249277878272,L√©a ‚òÑ,RT @Little_Monkeyzz: D√©cembre. On est en d√©cembre. √áa veut dire que je vais bient√¥t rentrer √† la maison et c'est le mois de No√´l üòÉüòÉ,1448965296000,noel,4
671635216713281537,CM ‚òÑ,Ok Jsuis meme pas invit√©e √† no√´l bh nvm,1448965288000,noel,0
671635193552379904,waza bibou, @  en g√©n√©ral la p√©riode d√©cembre/janvier je d√©teste exam+fatigue+froid beurk (et perso noel et tout je m'en fous un peu beaucoup),1448965283000,noel,0
671635177563623424,Lucie :3,RT @ShaneTox: Pour noel jveux une copine comme cadeau sous mon sapin.,1448965279000,noel,2
671635123406659585,John Bob III,Youpi c'est bient√¥t No√´l  ,1448965266000,noel,4
671029575149879296,Perri2van,OuaHOuuu C √©tait WELSH ment fat Merci √† la IziaTeam Je veux la fin de la story VLille,0,,,4
670430230981566464,TwoHalvesSB,Mais lolqui te pr√©l√©ve de l argent sur ton compte sans avoir √† utiliser leur service Remboursement s il vous pla√Æt,0,,2
670224403557425153,NezahOG,Mdr tout le monde prend un vlille mais quand c est √† mon tour la station est indisponible nvm un peu,0,,2
669944598693814272,markstinchcombe,7+ LFC corners 5/6 Klopp 14 vPalace  10 vSaints 15 vRubin at Anfield Bordeaux conceded 8 v us & 11 vPSG 12 vLille 10 v Monaco,0,,2
669914580756381696,Natan_Coonen,J ai lu qu il devait y avoir une station√† l union pr√®s du,0,,2
669783504625016832,thomaslevivier,Il arrive le le m√™me genre de m√©saventures √† un lillois avec le VLille,0,,2
669286766621233152,rastaforet,Tourcoing - Lille en VLille completement torch√© √† 2h du mat  Je vais dire que c est assez vivifiant,0,,4
669253362613927937,Elodievpl,Moi j ai d√©couvert un nouvel usage de la bande r√©fl√©chissante : racleur de givre sur la selle et les poign√©es du Vlille,0,,4
669064109732810752,PPalmier,Ce matin j ai confi√© mon vlille pliant √† ma chef de projet pour testerelle est revenue enchant√©e,0,,4
669061952908447744,transpole_actu,Ce matin j ai confi√© mon vlille pliant √† ma chef de projet pour testerelle est revenue enchant√©e,0,,4
668929402667966464,leovxn,regardez euro sans arabes sur d vlille,0,,2
668880776809881600,jeanderoi,Ce matin j ai confi√© mon vlille pliant √† ma chef de projet pour testerelle est revenue enchant√©e,0,,4
668711207008927744,ignorantcowboy,Pr√©voyez aussi un grattoir pour d√©geler la selle et pas faire votre trajet debout sur le√©lo,0,,2
668711185794146304,ignorantcowboy,Si vous avez pr√©vu de prendre unce matin pr√©voyez quelques minutes pour d√©givrer le bouton pour d√©livrer le√©lo,0,,2
668698285218115584,MatttRab,Si vous avez pr√©vu de prendre unce matin pr√©voyez quelques minutes pour d√©givrer le bouton pour d√©livrer le√©lo,0,,2
671270929113198592,Adam_Lostys,Les abonnements transpole qui doublent c est une blague mdrr,0,,2
671270453898530816,nab59100,Chaque semaine  Transpole vous informe de certains contr√¥les,0,,4
671268688457256960,transpole_actu,pr√©sente son album "√âternels jusqu‚Äô√† demain" ce soir au√©atreSebastopol - 20H,0,,4
671243636139540480,namtohh,L appli Transpole elle m zhfff,0,,2
671241094504558592,bouilton,eh la c gros fils de pute 2 transpole si mes parents y sont convoqu√© a cause dleurs retard on va voir,0,,2
671236622420221952,houach,Chaque semaine  Transpole vous informe de certains contr√¥les,0,,4
671236589922725888,McklnAlxs,Transpole vos agents ils ne pourraient pas servir √† qqch et virer les alcooliques qui font chier les gens des stations de metro,0,,2
671235070678708224,hxlgd_,eh la c gros fils de pute 2 transpole si mes parents y sont convoqu√© a cause dleurs retard on va voir,0,,2
671232612371931136,arthuuurcss,j pense que j ss enter par transpole d√®s que je bipe(presque jms) je me fais pas contr√¥ler et des que je bipe pas je me fais contr√¥ler mdr,0,,2
671229996892102656,MatouFoucher,bonjour  est ce que le 50 vers St Andr√© repasse bien rue de la Madeleine Et non √† l arr√™t provisoire,0,,2
671222665898782720,Cocolf,Pour envoyer des augmentations de tarifs √ßa va  mais pour faire arriver les bus a l heure la y a plus personne chez,0,,2
671221876279132160,Cocolf,Et on dit merci qui pour les 50 minutes de retard de bus MERCI,0,,2
671212097519357952,JYDareaud,Chaque semaine  Transpole vous informe de certains contr√¥les,0,,4
671210604405895168,manoushmaan,c quand vous passez A l heure et c quand que vous fermez pas les portes pile quand on arrive devant votre,0,,2
671210486650773504,middletonsweet,Chaque semaine  Transpole vous informe de certains contr√¥les,0,,4
671272979544821760,tomcat_fr,m√™me le Japon Qui a choisi de relancer le nucl√©aire qui les tueras et je ne parle m√™me pas de ce (cont),0,,2
671272957533138945,Elysee,"√Ä commencer par le Ministre des Affaires √©trang√®res Laurent Fabius  dont je veux ici saluer la t√©nacit√©",0,,4
671272957013004288,EBooKidsCom,Et si les plus jeunes comprenaient les enjeux de la,0,,2
671272941787680768,LaoAgencyPress,Retweeted √âlys√©e ():  "Aucun pays  aucune r√©gion n‚Äôest √† l‚Äôabri des effets du d√©r√®glement climatique caus√©,0,,2
671272913878786048,Elysee,"La France a jet√© toutes ses forces dans ce combat  et mobilis√© l‚Äôensemble de son gouvernement",0,,4
671272894903812096,RicoCaballero,Retweeted √âlys√©e ():  "Aucun pays  aucune r√©gion n‚Äôest √† l‚Äôabri des effets du d√©r√®glement climatique caus√©,0,,2
671272888721416192,BEDINISebastien,"Comment accepter que ce soient les pays les plus pauvres qui soient encore les plus touch√©s",0,,2
671272888440373248,gaspardgantzer,Suivez en direct l ouverture de la COP 21 au Bourget ,0,,2
671272886997487616,Smndong,Hein noonnn Hollande,0,,2
671272883864387584,ballamine,C est au nom de la justice climatique que je m exprime aujourd hui,0,,4
671272875907788800,Elysee,"Ils ouvrent la perspective d‚Äôune √©conomie non carbon√©e",0,,4
671272862725050372,Jokerniois,Oui essayez de nous faire passer les migrants qui arrivent par bateau en victime du climat Prenez nous encore pour des cons,0,,2
671272861349322752,ecologiEnergie,C est au nom de la justice climatique que je m exprime aujourd hui,0,,4
671272846488961024,graveraulin,C est au nom de la justice climatique que je m exprime aujourd hui,0,,2
671271794666512384,ValerieL2020,Lancement du Lille Centre of Excellence for Neurodegenerative Disorders ,0,,4
671240907379884032,Univ_Lille1,Un concert auquel assisteront gratuitement des milliers d √©tudiantslundi-mardi,0,,4
671075371090071555,Hub_Lot,"Inventer de nouveaux modes de vie [] Les d√©fis pos√©s par le r√©chauffement climatique sont √©galement culturels" JP Cassar,0,,2
671006236402393088,g_ongenae,Demain  c est l inauguration de l espace bidouille √† lade,0,,4
670956025713938432,nathichouner,C est moi ou c est devenu super nul le syst√®me pour r√©cup√©rer les annales,0,,2
670930755795755008,olasvergnas,Bon et si on r√©fl√©chissait 1er dec 18h30 : Ahmed Djebbar  historien des sciences prof √©m√©rite √† l USTL,0,,2
670921698120704000,Univ_Lille1,How I did on Twitter this week: 38 New Followers  25 Mentions 416K Mention Reach How d your week go via,0,,2
670625528358035457,Fil_Lille1,pour √™tre plus pr√©cis,0,,2
670622318146789379,cjt_npdc,Exp√©-conf√©rence La lumi√®re  des origines de la vie √† internet 02/12 D Hennequinhttps,0,,2
670622153193218049,talentsaround,Exp√©-conf√©rence La lumi√®re  des origines de la vie √† internet 02/12 D Hennequinhttps,0,,2
670361574402621441,phqueulin,L √©valuation comme ¬´ dispositif de servitude volontaire ¬ª,0,,2
670315481669177344,ChauvetGwen,  regarder tous,0,,2
670304973155102720,CDoctoralULNF,Conf√©rence sur les outils du doctorant mercredi 2 d√©cembre √† 12h Plus d informations sur,0,,2
670304959389425666,CDoctoralULNF,Go√ªter de No√´l Tilda suivi d une AG permettant de renouveler le bureau Plus d informations surA,0,,2
669842628964442113,GeoffreyFrogeye,Des bisous √†pour avoir rajout√© 20 places,0,,4
669231851987443712,dragonralph,This year  we ll be back with a new team,0,,4
671323190518489088,Conducteur_SNCF,‚úàÔ∏èbecomes 1st airline in the world to introduce real time Flightradar24 tracking feature to its mobile app http,0,,2
671323141420015616,hen9129,Lareporte sine die sa campagne de com  avec,0,,2
671323121513820161,jackoeconten,Un truc que la SNCF trouve g√©nial en dehors de la France,0,,2
671323088240443392,7b73f39b85e1415,La SNCF va ¬´ remettre de la rigueur ¬ª avec un patron de la s√©curit√© ferroviaire,0,,4
671323032900759552,SNCF,Bjr Il faut faire un signalement en gare ainsi que sur cette pageBonne journ√©e,0,,2
671323026227658752,egerieli,BonjourJe suis √† la gare Y a pas de toilettes J ai envie de faire caca,0,,2
671323019776811008,francediplo,En gareexposition des photos de F de la Mure en lien avecpartenaire,0,,4
671322978802663425,poznanski_serge,bfmbusiness: La SNCF va ¬´ remettre de la rigueur ¬ª avec un patron de la s√©curit√© ferroviaire,0,,2
671322935903313920,JDouillt,Ca se sent qd √ßa sort T as lach√© des caisses,0,,2
671322878059683840,martinmarie20,Si on arrive en retard √† un entretien d embauche √† la SNCF   est-ce qu on marque des points,0,,2
671322800016269312,Conducteur_SNCF,Nouvel abonnement Pastel + entout+,0,,2
671322519367000064,ALXTIBO,Si on arrive en retard √† un entretien d embauche √† la SNCF   est-ce qu on marque des points,0,,2
671322495627210752,ecoregion_paca,La SNCF va "remettre de la rigueur" avec un patron de la s√©curit√© ferroviaire,0,,2
671322470029385728,LigneH_SNCF,Vous avez pu rencontrer des difficult√©s surVoici les raisons de ces retards,0,,2
671322381038854144,ogrady99,Ferroviaire¬†: impossible pour le r√©gulateur de valider le budget de SNCF R√©seauvia,0,,2
671324096823762944,RandallFlagg_,Le meilleur cosplay du(Photo),0,,4
671323253433081856,ilookverygood,Du coup je condense pour la s√©ance de rattrapage: 1 - Lereste d√©cid√©ment la conv la plus conviviale de l h,0,,4
671322365163380736,dascritch,Du coup je condense pour la s√©ance de rattrapage: 1 - Lereste d√©cid√©ment la conv la plus conviviale de l h,0,,4
671322030889934848,RuddyPomarede,Du coup je condense pour la s√©ance de rattrapage: 1 - Lereste d√©cid√©ment la conv la plus conviviale de l hexagone,0,,2
671321973348302852,BorgEmpress,Au revoir & merci Toulouse & for a wonderfully geeky time & for loaning me your,0,,4
671319829509496836,krAst_reTro,Vainqueur du l AstrogamingCup 3 du Finale en BO7 contre Elpancho gagn√© 4-1 Merci √†,0,,4
671319827278114816,RedEternara,Le meilleur cosplay du(Photo),0,,2
671319285294366721,roulie33,Superbe journ√©e auhier Encore sur mon nuage d avoir pu rencontrer Jamie Bamber et Nicholas Brendon,0,,4
671317875211284480,SEBZBORIE,√ßa marche Merci :),0,,4
671317603734953984,nicolasacco,sur le site du d ici une dizaine de jours je crois,0,,2
671316551958704128,SEBZBORIE,Quelqu un sait il ou on pourra avoir les photos du Photocall avec Alexandre Astier Je n ai pas l info apr√®s le shoot,0,,2
671316428536975360,Cdbrow1,Au revoir & merci Toulouse & for a wonderfully geeky time & for loaning me your,0,,4
671314833527164928,Tsubaki_32,une prochaine fois Prochain au mois d avril,0,,4
671313465391366144,wellthatslucky,Merci beaucoupfor a glorious day spent with&geek s dream come,0,,4
671313255017615361,aviron32,Nous voil√† de retour chez nous  apr√®s ce beau weekend toulousain De belles rencontres de beaux souvenirs : merci √† tous,0,,4
671320256741318656,messi34500,Retrouvez les derni√®res donn√©es sur le chgt climatique ds notre expo>,0,,2
671320150067585024,meteofrance,Retrouvez les derni√®res donn√©es sur le chgt climatique ds notre expo>,0,,2
671318100416061440,CatherineBorr,Pourquoi le climat est-il au centre de l‚Äôactualit√© itv ACazenave chercheurhttps:/,0,,2
671317759322693632,zazoufruite,s occuper du climat de la nation c est bien aussi,0,,2
671316081697517568,jonathanbalsamo,bonjour √† quand une refonte du,0,,2
671315530633117696,meteofrance,Le r√©chauffement climatique  c est quoi A l occasion de laet en partenariat avec la r√©ponse https,0,,2
671299526716731392,IFlck,Pourquoi le climat est-il au centre de l‚Äôactualit√© itv ACazenave chercheurhttps:/,0,,2
671297012671881216,Virgovignon,Pourquoi le climat est-il au centre de l‚Äôactualit√© itv ACazenave chercheurhttps:/,0,,2
671295712924205056,CNES,Pourquoi le climat est-il au centre de l‚Äôactualit√© itv ACazenave chercheurhttps:/,0,,2
671274788111966208,ctrabado1,Pourquoi le climat est-il au centre de l‚Äôactualit√© itv ACazenave chercheur,0,,2
671273609961320448,BBonfrere,Soleil pour le sud Gironde et douceur avec 16 degr√©s √†(source carte) Bonne journ√©e,0,,2
671272851777986560,AutorouteINFO,Le r√©chauffement climatique  c est quoi A l occasion de laet en partenariat avec la r√©ponse,0,,2
671267226213859328,Lurenzu60,M√™me pas capables de pr√©voir une m√©t√©o correcte √† 4 jours et on nous parle du climat dans 100 ans,0,,2
671265416908562434,chelleseveille,pendant que vous vous remplissez la pense  des fran√ßais SDF dorment √† la d√©fense et font les poubelles,0,,2
671265320091426816,chelleseveille,Ou l ouverture du champagne et se mettre √† table autour d un homard,0,,2
